l_orderkey,l_partkey,l_suppkey,l_linenumber,l_quantity,l_extendedprice,l_discount,l_tax,l_returnflag,l_linestatus,l_shipdate,l_commitdate,l_receiptdate,l_shipinstruct,l_shipmode,l_comment
1200001,29,7,1,10.00,3919.90,0.08,0.09,N,F,2025-12-25,2025-12-26,2025-12-30,DELIVER IN PERSON,SHIP,Keep dry during long-haul shipment.
1200001,3,8,2,10.00,782.50,0.06,0.18,N,F,2025-12-23,2025-12-22,2025-12-29,TAKE BACK RETURN,SHIP,Cross-border paperwork pre-cleared.
1200001,31,10,3,30.00,10412.10,0.08,0.09,N,F,2025-12-23,2025-12-23,2025-12-28,TAKE BACK RETURN,SHIP,Keep dry during long-haul shipment.
1200001,19,12,4,30.00,18973.80,0.12,0.12,R,F,2025-12-28,2025-12-28,2025-12-30,TAKE BACK RETURN,SHIP,Keep dry during long-haul shipment.
1200001,14,10,5,15.00,8048.40,0.05,0.21,N,F,2025-12-25,2025-12-25,2025-12-30,TAKE BACK RETURN,RAIL,Partial release accepted by planning.
1200002,11,9,1,50.00,36354.00,0.01,0.05,N,F,2025-12-09,2025-12-08,2025-12-14,NONE,TRUCK,Late afternoon dock slot requested.
1200002,10,11,2,10.00,2285.10,0.02,0.07,N,F,2025-12-13,2025-12-11,2025-12-19,NONE,TRUCK,Keep dry during long-haul shipment.
1200002,38,8,3,40.00,2469.60,0.06,0.05,N,F,2025-12-13,2025-12-12,2025-12-17,NONE,TRUCK,Customer requested labeled pallets.
1200002,27,5,4,12.00,6405.24,0.02,0.05,R,F,2025-12-10,2025-12-08,2025-12-17,DELIVER IN PERSON,SHIP,Partial release accepted by planning.
1200002,22,5,5,4.00,749.04,0.01,0.12,A,F,2025-12-11,2025-12-12,2025-12-19,DELIVER IN PERSON,TRUCK,"Standard handling, no extra notes."
1200003,2,13,1,30.00,9873.30,0.03,0.05,N,O,2025-12-30,2025-12-30,2026-01-02,NONE,RAIL,Keep dry during long-haul shipment.
1200003,3,8,2,40.00,3130.00,0.03,0.05,N,F,2025-12-21,2025-12-22,2025-12-26,NONE,MAIL,Keep dry during long-haul shipment.
1200003,27,1,3,12.00,6405.24,0.08,0.05,N,O,2025-12-31,2025-12-29,2026-01-02,COLLECT COD,RAIL,"Standard handling, no extra notes."
1200003,25,1,4,10.00,2288.10,0.03,0.09,N,F,2025-12-25,2025-12-24,2025-12-29,DELIVER IN PERSON,TRUCK,"Standard handling, no extra notes."
1200003,12,15,5,6.00,3216.12,0.04,0.12,N,O,2025-12-30,2025-12-29,2026-01-03,TAKE BACK RETURN,MAIL,"Standard handling, no extra notes."
1200004,36,3,1,5.00,137.65,0.02,0.07,N,F,2025-12-19,2025-12-20,2025-12-24,COLLECT COD,TRUCK,Partial release accepted by planning.
1200004,28,4,2,2.00,1781.92,0.08,0.12,N,F,2025-12-18,2025-12-17,2025-12-26,COLLECT COD,MAIL,Customer requested labeled pallets.
1200004,34,5,3,25.00,15419.50,0.01,0.07,N,F,2025-12-23,2025-12-23,2025-12-25,NONE,TRUCK,Cross-border paperwork pre-cleared.
1200004,7,11,4,25.00,5313.00,0.12,0.18,N,F,2025-12-16,2025-12-17,2025-12-18,NONE,AIR,Late afternoon dock slot requested.
1200004,39,11,5,20.00,16321.80,0.01,0.09,N,O,2025-12-26,2025-12-25,2026-01-03,TAKE BACK RETURN,TRUCK,Late afternoon dock slot requested.
1200005,22,3,1,25.00,4681.50,0.12,0.09,N,O,2025-12-30,2025-12-29,2026-01-03,TAKE BACK RETURN,MAIL,Cross-border paperwork pre-cleared.
1200005,26,15,2,2.00,1025.76,0.03,0.09,N,F,2025-12-24,2025-12-25,2025-12-26,COLLECT COD,MAIL,Partial release accepted by planning.
1200005,18,15,3,12.00,9315.00,0.06,0.07,N,O,2025-12-25,2025-12-26,2026-01-01,COLLECT COD,TRUCK,"Standard handling, no extra notes."
1200005,11,15,4,25.00,18177.00,0.03,0.18,N,O,2026-01-01,2025-12-30,2026-01-04,DELIVER IN PERSON,SHIP,Cross-border paperwork pre-cleared.
1200005,9,9,5,50.00,23352.00,0.05,0.07,N,O,2025-12-30,2025-12-31,2026-01-05,COLLECT COD,RAIL,Late afternoon dock slot requested.
1200006,35,4,1,3.00,2598.30,0.02,0.07,N,F,2025-12-11,2025-12-12,2025-12-16,COLLECT COD,SHIP,Keep dry during long-haul shipment.
1200006,30,15,2,4.00,374.40,0.05,0.18,N,F,2025-12-10,2025-12-09,2025-12-17,NONE,MAIL,Cross-border paperwork pre-cleared.
1200006,33,3,3,3.00,2269.32,0.06,0.09,N,F,2025-12-07,2025-12-08,2025-12-09,NONE,TRUCK,Keep dry during long-haul shipment.
1200006,19,4,4,12.00,7589.52,0.02,0.05,N,F,2025-12-15,2025-12-13,2025-12-19,COLLECT COD,SHIP,Cross-border paperwork pre-cleared.
1200006,34,15,5,20.00,12335.60,0.05,0.21,N,F,2025-12-09,2025-12-08,2025-12-12,COLLECT COD,AIR,Customer requested labeled pallets.
1200007,22,3,1,4.00,749.04,0.00,0.05,N,O,2025-12-26,2025-12-25,2026-01-03,NONE,TRUCK,"Standard handling, no extra notes."
1200007,26,3,2,40.00,20515.20,0.06,0.12,N,F,2025-12-23,2025-12-21,2025-12-31,TAKE BACK RETURN,MAIL,Customer requested labeled pallets.
1200007,9,9,3,1.00,467.04,0.03,0.12,N,F,2025-12-21,2025-12-21,2025-12-23,COLLECT COD,TRUCK,Partial release accepted by planning.
1200007,39,10,4,50.00,40804.50,0.12,0.09,N,F,2025-12-20,2025-12-18,2025-12-27,NONE,MAIL,Cross-border paperwork pre-cleared.
1200007,28,4,5,2.00,1781.92,0.10,0.05,N,F,2025-12-23,2025-12-21,2025-12-30,DELIVER IN PERSON,TRUCK,"Standard handling, no extra notes."
1200008,33,3,1,3.00,2269.32,0.10,0.18,N,F,2025-12-10,2025-12-11,2025-12-17,NONE,SHIP,Partial release accepted by planning.
1200008,15,9,2,2.00,950.14,0.04,0.18,N,F,2025-12-14,2025-12-12,2025-12-17,NONE,MAIL,Keep dry during long-haul shipment.
1200008,2,13,3,12.00,3949.32,0.10,0.07,N,F,2025-12-19,2025-12-17,2025-12-24,TAKE BACK RETURN,RAIL,Partial release accepted by planning.
1200008,30,15,4,40.00,3744.00,0.06,0.07,N,F,2025-12-11,2025-12-09,2025-12-18,COLLECT COD,SHIP,Partial release accepted by planning.
1200008,23,6,5,15.00,5850.15,0.05,0.18,N,F,2025-12-17,2025-12-17,2025-12-21,NONE,SHIP,Cross-border paperwork pre-cleared.
1200009,29,7,1,4.00,1567.96,0.04,0.09,N,F,2025-12-23,2025-12-22,2025-12-26,COLLECT COD,RAIL,Cross-border paperwork pre-cleared.
1200009,17,5,2,5.00,2061.15,0.01,0.21,A,F,2025-12-23,2025-12-21,2025-12-30,DELIVER IN PERSON,MAIL,"Standard handling, no extra notes."
1200009,21,1,3,1.00,758.02,0.06,0.12,N,F,2025-12-17,2025-12-17,2025-12-21,DELIVER IN PERSON,MAIL,Late afternoon dock slot requested.
1200009,13,7,4,50.00,45014.50,0.04,0.12,A,F,2025-12-25,2025-12-23,2025-12-30,NONE,SHIP,"Standard handling, no extra notes."
1200009,25,1,5,2.00,457.62,0.10,0.07,R,F,2025-12-22,2025-12-23,2025-12-24,TAKE BACK RETURN,RAIL,Keep dry during long-haul shipment.
1200010,12,12,1,1.00,536.02,0.12,0.09,N,O,2026-01-05,2026-01-04,2026-01-13,COLLECT COD,MAIL,Late afternoon dock slot requested.
1200010,40,5,2,25.00,22873.25,0.03,0.07,R,F,2025-12-27,2025-12-28,2025-12-29,DELIVER IN PERSON,MAIL,Customer requested labeled pallets.
1200010,27,12,3,2.00,1067.54,0.00,0.09,N,O,2026-01-02,2026-01-02,2026-01-07,TAKE BACK RETURN,RAIL,Cross-border paperwork pre-cleared.
1200010,23,9,4,10.00,3900.10,0.10,0.07,N,O,2026-01-02,2026-01-03,2026-01-10,COLLECT COD,SHIP,Cross-border paperwork pre-cleared.
1200010,8,3,5,6.00,5506.80,0.00,0.18,N,O,2025-12-27,2025-12-28,2026-01-02,COLLECT COD,RAIL,Cross-border paperwork pre-cleared.
1200011,16,3,1,6.00,3518.70,0.02,0.05,N,F,2025-12-16,2025-12-16,2025-12-18,NONE,TRUCK,Cross-border paperwork pre-cleared.
1200011,39,11,2,2.00,1632.18,0.00,0.18,N,F,2025-12-15,2025-12-13,2025-12-23,DELIVER IN PERSON,RAIL,Cross-border paperwork pre-cleared.
1200011,9,3,3,1.00,467.04,0.10,0.09,N,F,2025-12-22,2025-12-21,2025-12-29,DELIVER IN PERSON,AIR,Partial release accepted by planning.
1200011,33,3,4,50.00,37822.00,0.00,0.12,A,F,2025-12-22,2025-12-21,2025-12-28,NONE,MAIL,Cross-border paperwork pre-cleared.
1200011,21,13,5,6.00,4548.12,0.05,0.07,N,F,2025-12-20,2025-12-18,2025-12-23,TAKE BACK RETURN,TRUCK,Customer requested labeled pallets.
1200012,3,3,1,30.00,2347.50,0.02,0.09,N,O,2026-01-01,2026-01-01,2026-01-05,TAKE BACK RETURN,RAIL,Keep dry during long-haul shipment.
1200012,39,5,2,3.00,2448.27,0.05,0.05,N,O,2026-01-08,2026-01-06,2026-01-15,TAKE BACK RETURN,MAIL,Keep dry during long-haul shipment.
1200012,28,9,3,25.00,22274.00,0.04,0.05,N,O,2025-12-28,2025-12-29,2026-01-04,NONE,RAIL,Late afternoon dock slot requested.
1200012,33,10,4,12.00,9077.28,0.10,0.09,N,O,2026-01-01,2025-12-31,2026-01-04,COLLECT COD,AIR,Cross-border paperwork pre-cleared.
1200012,30,5,5,50.00,4680.00,0.04,0.21,N,O,2026-01-01,2026-01-01,2026-01-04,NONE,SHIP,Partial release accepted by planning.
1200013,30,12,1,6.00,561.60,0.02,0.07,N,F,2025-12-12,2025-12-10,2025-12-16,DELIVER IN PERSON,SHIP,Cross-border paperwork pre-cleared.
1200013,40,5,2,1.00,914.93,0.02,0.21,N,F,2025-12-09,2025-12-07,2025-12-17,DELIVER IN PERSON,TRUCK,Keep dry during long-haul shipment.
1200013,31,5,3,15.00,5206.05,0.01,0.12,N,F,2025-12-11,2025-12-09,2025-12-13,DELIVER IN PERSON,SHIP,Keep dry during long-haul shipment.
1200013,14,9,4,4.00,2146.24,0.06,0.18,R,F,2025-12-14,2025-12-13,2025-12-22,NONE,AIR,Keep dry during long-haul shipment.
1200013,17,4,5,1.00,412.23,0.10,0.07,N,F,2025-12-06,2025-12-06,2025-12-10,COLLECT COD,SHIP,Cross-border paperwork pre-cleared.
1200014,37,5,1,50.00,13719.50,0.04,0.05,N,O,2025-12-27,2025-12-26,2026-01-04,NONE,SHIP,"Standard handling, no extra notes."
1200014,32,11,2,40.00,28297.20,0.12,0.05,N,O,2025-12-27,2025-12-28,2026-01-01,TAKE BACK RETURN,MAIL,Late afternoon dock slot requested.
1200014,28,9,3,25.00,22274.00,0.02,0.18,N,O,2025-12-29,2025-12-27,2026-01-06,NONE,RAIL,Keep dry during long-haul shipment.
1200014,20,2,4,50.00,33770.00,0.10,0.05,N,O,2025-12-26,2025-12-25,2026-01-03,COLLECT COD,TRUCK,Partial release accepted by planning.
1200014,36,3,5,3.00,82.59,0.03,0.21,N,F,2025-12-25,2025-12-25,2025-12-29,DELIVER IN PERSON,SHIP,Keep dry during long-haul shipment.
1200015,23,9,1,3.00,1170.03,0.06,0.21,N,F,2025-12-21,2025-12-19,2025-12-28,NONE,SHIP,Late afternoon dock slot requested.
1200015,32,2,2,15.00,10611.45,0.10,0.09,N,F,2025-12-20,2025-12-20,2025-12-22,COLLECT COD,MAIL,Keep dry during long-haul shipment.
1200015,30,12,3,3.00,280.80,0.05,0.18,A,F,2025-12-21,2025-12-22,2025-12-25,DELIVER IN PERSON,RAIL,Keep dry during long-haul shipment.
1200015,38,8,4,50.00,3087.00,0.06,0.09,N,F,2025-12-20,2025-12-19,2025-12-26,COLLECT COD,RAIL,Cross-border paperwork pre-cleared.
1200015,10,8,5,5.00,1142.55,0.02,0.05,A,F,2025-12-19,2025-12-20,2025-12-21,DELIVER IN PERSON,TRUCK,Partial release accepted by planning.
1200016,12,15,1,40.00,21440.80,0.01,0.07,N,F,2025-12-10,2025-12-09,2025-12-17,DELIVER IN PERSON,SHIP,Partial release accepted by planning.
1200016,4,1,2,50.00,15560.50,0.04,0.18,N,F,2025-12-07,2025-12-07,2025-12-10,TAKE BACK RETURN,MAIL,Late afternoon dock slot requested.
1200016,25,10,3,6.00,1372.86,0.06,0.21,N,F,2025-12-08,2025-12-08,2025-12-12,TAKE BACK RETURN,TRUCK,Customer requested labeled pallets.
1200016,14,10,4,2.00,1073.12,0.04,0.18,N,F,2025-12-15,2025-12-13,2025-12-19,COLLECT COD,RAIL,"Standard handling, no extra notes."
1200016,9,3,5,20.00,9340.80,0.03,0.05,A,F,2025-12-13,2025-12-13,2025-12-15,DELIVER IN PERSON,RAIL,Cross-border paperwork pre-cleared.
1200017,16,3,1,4.00,2345.80,0.03,0.21,N,F,2025-12-11,2025-12-11,2025-12-16,COLLECT COD,MAIL,Cross-border paperwork pre-cleared.
1200017,24,8,2,4.00,1415.00,0.01,0.09,N,F,2025-12-16,2025-12-14,2025-12-22,DELIVER IN PERSON,SHIP,Keep dry during long-haul shipment.
1200017,10,11,3,40.00,9140.40,0.12,0.09,N,F,2025-12-11,2025-12-10,2025-12-13,DELIVER IN PERSON,RAIL,Cross-border paperwork pre-cleared.
1200017,39,5,4,30.00,24482.70,0.01,0.12,N,F,2025-12-11,2025-12-12,2025-12-14,TAKE BACK RETURN,TRUCK,Late afternoon dock slot requested.
1200017,14,8,5,5.00,2682.80,0.03,0.09,N,F,2025-12-12,2025-12-12,2025-12-16,TAKE BACK RETURN,RAIL,Keep dry during long-haul shipment.
1200018,11,9,1,3.00,2181.24,0.10,0.07,N,O,2025-12-30,2025-12-28,2026-01-03,COLLECT COD,AIR,Cross-border paperwork pre-cleared.
1200018,36,13,2,25.00,688.25,0.02,0.09,N,O,2025-12-30,2025-12-29,2026-01-04,NONE,TRUCK,Customer requested labeled pallets.
1200018,1,8,3,8.00,3830.08,0.06,0.07,N,O,2025-12-28,2025-12-27,2026-01-03,TAKE BACK RETURN,RAIL,"Standard handling, no extra notes."
1200018,6,1,4,6.00,825.24,0.06,0.12,N,O,2025-12-30,2025-12-31,2026-01-07,DELIVER IN PERSON,AIR,Late afternoon dock slot requested.
1200018,19,5,5,4.00,2529.84,0.05,0.18,R,F,2025-12-25,2025-12-23,2025-12-30,DELIVER IN PERSON,SHIP,"Standard handling, no extra notes."
1200019,27,12,1,50.00,26688.50,0.08,0.21,N,O,2026-01-08,2026-01-07,2026-01-16,TAKE BACK RETURN,AIR,Cross-border paperwork pre-cleared.
1200019,16,4,2,6.00,3518.70,0.12,0.18,N,O,2026-01-09,2026-01-07,2026-01-16,TAKE BACK RETURN,SHIP,Late afternoon dock slot requested.
1200019,19,5,3,12.00,7589.52,0.06,0.18,N,O,2026-01-02,2026-01-01,2026-01-06,DELIVER IN PERSON,MAIL,Keep dry during long-haul shipment.
1200019,23,2,4,10.00,3900.10,0.06,0.05,N,O,2026-01-01,2026-01-01,2026-01-09,NONE,TRUCK,Cross-border paperwork pre-cleared.
1200019,17,13,5,12.00,4946.76,0.02,0.09,N,O,2026-01-02,2025-12-31,2026-01-07,NONE,RAIL,"Standard handling, no extra notes."
1200020,18,6,1,20.00,15525.00,0.04,0.18,N,F,2025-12-14,2025-12-12,2025-12-18,COLLECT COD,TRUCK,Keep dry during long-haul shipment.
1200020,6,1,2,3.00,412.62,0.08,0.05,R,F,2025-12-09,2025-12-09,2025-12-12,TAKE BACK RETURN,MAIL,Late afternoon dock slot requested.
1200020,25,1,3,25.00,5720.25,0.02,0.05,N,F,2025-12-07,2025-12-08,2025-12-10,COLLECT COD,TRUCK,Late afternoon dock slot requested.
1200020,14,9,4,15.00,8048.40,0.05,0.12,A,F,2025-12-08,2025-12-09,2025-12-14,DELIVER IN PERSON,AIR,Customer requested labeled pallets.
1200020,23,6,5,1.00,390.01,0.05,0.12,N,F,2025-12-09,2025-12-08,2025-12-16,COLLECT COD,SHIP,"Standard handling, no extra notes."
1200021,14,10,1,6.00,3219.36,0.10,0.21,N,O,2026-01-02,2026-01-03,2026-01-09,DELIVER IN PERSON,TRUCK,Partial release accepted by planning.
1200021,35,14,2,12.00,10393.20,0.04,0.07,N,O,2026-01-02,2026-01-02,2026-01-06,COLLECT COD,RAIL,Keep dry during long-haul shipment.
1200021,25,8,3,6.00,1372.86,0.01,0.21,N,O,2026-01-02,2026-01-02,2026-01-10,COLLECT COD,MAIL,"Standard handling, no extra notes."
1200021,20,7,4,8.00,5403.20,0.01,0.18,N,O,2026-01-06,2026-01-04,2026-01-08,TAKE BACK RETURN,RAIL,Late afternoon dock slot requested.
1200021,5,6,5,6.00,1408.62,0.03,0.12,N,O,2026-01-06,2026-01-05,2026-01-10,TAKE BACK RETURN,TRUCK,Keep dry during long-haul shipment.
1200022,37,5,1,8.00,2195.12,0.03,0.05,N,O,2025-12-28,2025-12-28,2026-01-04,COLLECT COD,SHIP,"Standard handling, no extra notes."
1200022,13,10,2,4.00,3601.16,0.01,0.18,N,O,2026-01-01,2025-12-30,2026-01-06,DELIVER IN PERSON,RAIL,Partial release accepted by planning.
1200022,7,15,3,40.00,8500.80,0.06,0.09,N,O,2025-12-31,2025-12-29,2026-01-07,COLLECT COD,RAIL,"Standard handling, no extra notes."
1200022,6,1,4,5.00,687.70,0.06,0.21,N,O,2026-01-01,2026-01-02,2026-01-05,COLLECT COD,SHIP,Cross-border paperwork pre-cleared.
1200022,35,4,5,1.00,866.10,0.08,0.05,N,O,2025-12-30,2025-12-31,2026-01-07,DELIVER IN PERSON,TRUCK,Cross-border paperwork pre-cleared.
1200023,40,4,1,15.00,13723.95,0.08,0.09,N,F,2025-12-25,2025-12-25,2025-12-30,COLLECT COD,TRUCK,Customer requested labeled pallets.
1200023,9,8,2,5.00,2335.20,0.06,0.21,N,F,2025-12-21,2025-12-21,2025-12-23,NONE,RAIL,Keep dry during long-haul shipment.
1200023,36,12,3,25.00,688.25,0.08,0.21,N,O,2025-12-29,2025-12-27,2026-01-06,NONE,RAIL,Cross-border paperwork pre-cleared.
1200023,11,3,4,15.00,10906.20,0.03,0.09,N,F,2025-12-22,2025-12-22,2025-12-27,COLLECT COD,RAIL,Partial release accepted by planning.
1200023,15,9,5,6.00,2850.42,0.04,0.05,N,F,2025-12-24,2025-12-23,2025-12-29,NONE,TRUCK,Cross-border paperwork pre-cleared.
1200024,19,12,1,12.00,7589.52,0.00,0.21,N,O,2025-12-26,2025-12-26,2026-01-02,COLLECT COD,RAIL,Customer requested labeled pallets.
1200024,21,13,2,2.00,1516.04,0.01,0.09,N,F,2025-12-20,2025-12-21,2025-12-22,NONE,MAIL,Keep dry during long-haul shipment.
1200024,14,8,3,8.00,4292.48,0.12,0.12,N,F,2025-12-19,2025-12-20,2025-12-23,TAKE BACK RETURN,AIR,"Standard handling, no extra notes."
1200024,40,8,4,6.00,5489.58,0.00,0.09,N,O,2025-12-27,2025-12-26,2026-01-02,COLLECT COD,MAIL,Customer requested labeled pallets.
1200024,27,5,5,40.00,21350.80,0.05,0.12,N,F,2025-12-25,2025-12-26,2025-12-31,NONE,SHIP,Customer requested labeled pallets.
1200025,29,8,1,12.00,4703.88,0.00,0.07,R,F,2025-12-18,2025-12-16,2025-12-21,NONE,RAIL,"Standard handling, no extra notes."
1200025,37,10,2,5.00,1371.95,0.06,0.07,R,F,2025-12-16,2025-12-15,2025-12-20,DELIVER IN PERSON,SHIP,Late afternoon dock slot requested.
1200025,19,12,3,30.00,18973.80,0.01,0.21,N,F,2025-12-14,2025-12-13,2025-12-22,COLLECT COD,TRUCK,Partial release accepted by planning.
1200025,34,14,4,3.00,1850.34,0.04,0.05,N,F,2025-12-11,2025-12-09,2025-12-14,COLLECT COD,RAIL,Late afternoon dock slot requested.
1200025,38,3,5,6.00,370.44,0.05,0.05,N,F,2025-12-17,2025-12-15,2025-12-25,TAKE BACK RETURN,TRUCK,"Standard handling, no extra notes."
1200026,19,4,1,3.00,1897.38,0.03,0.21,N,O,2025-12-28,2025-12-29,2026-01-05,COLLECT COD,RAIL,Customer requested labeled pallets.
1200026,7,15,2,6.00,1275.12,0.05,0.12,N,O,2025-12-30,2025-12-29,2026-01-06,DELIVER IN PERSON,SHIP,Keep dry during long-haul shipment.
1200026,14,9,3,15.00,8048.40,0.05,0.07,N,O,2026-01-08,2026-01-06,2026-01-16,DELIVER IN PERSON,RAIL,Partial release accepted by planning.
1200026,6,1,4,12.00,1650.48,0.04,0.21,N,O,2026-01-04,2026-01-02,2026-01-10,DELIVER IN PERSON,AIR,"Standard handling, no extra notes."
1200026,34,5,5,50.00,30839.00,0.05,0.09,N,O,2026-01-04,2026-01-04,2026-01-11,NONE,TRUCK,Keep dry during long-haul shipment.
1200027,16,7,1,15.00,8796.75,0.10,0.09,N,F,2025-12-16,2025-12-14,2025-12-18,TAKE BACK RETURN,AIR,Customer requested labeled pallets.
1200027,21,14,2,1.00,758.02,0.06,0.21,N,F,2025-12-15,2025-12-14,2025-12-21,DELIVER IN PERSON,AIR,Partial release accepted by planning.
1200027,28,9,3,2.00,1781.92,0.05,0.05,N,F,2025-12-21,2025-12-19,2025-12-28,NONE,MAIL,Keep dry during long-haul shipment.
1200027,9,9,4,8.00,3736.32,0.04,0.09,N,F,2025-12-16,2025-12-15,2025-12-20,NONE,RAIL,Keep dry during long-haul shipment.
1200027,35,13,5,10.00,8661.00,0.10,0.09,N,F,2025-12-22,2025-12-22,2025-12-24,COLLECT COD,AIR,Cross-border paperwork pre-cleared.
1200028,26,15,1,15.00,7693.20,0.04,0.07,A,F,2025-12-11,2025-12-10,2025-12-17,COLLECT COD,MAIL,Cross-border paperwork pre-cleared.
1200028,34,15,2,25.00,15419.50,0.01,0.18,N,F,2025-12-11,2025-12-10,2025-12-13,DELIVER IN PERSON,SHIP,Partial release accepted by planning.
1200028,12,7,3,3.00,1608.06,0.12,0.09,N,F,2025-12-12,2025-12-10,2025-12-14,TAKE BACK RETURN,SHIP,Late afternoon dock slot requested.
1200028,7,15,4,50.00,10626.00,0.08,0.09,A,F,2025-12-15,2025-12-13,2025-12-19,COLLECT COD,AIR,"Standard handling, no extra notes."
1200028,11,15,5,1.00,727.08,0.00,0.18,N,F,2025-12-10,2025-12-11,2025-12-14,NONE,TRUCK,Keep dry during long-haul shipment.
1200029,3,8,1,10.00,782.50,0.12,0.21,N,F,2025-12-12,2025-12-11,2025-12-17,TAKE BACK RETURN,TRUCK,Cross-border paperwork pre-cleared.
1200029,7,11,2,1.00,212.52,0.00,0.12,N,F,2025-12-03,2025-12-04,2025-12-09,COLLECT COD,RAIL,Late afternoon dock slot requested.
1200029,16,3,3,40.00,23458.00,0.01,0.21,N,F,2025-12-05,2025-12-06,2025-12-12,NONE,MAIL,Late afternoon dock slot requested.
1200029,25,8,4,2.00,457.62,0.02,0.05,N,F,2025-12-07,2025-12-07,2025-12-14,TAKE BACK RETURN,MAIL,Cross-border paperwork pre-cleared.
1200029,20,2,5,20.00,13508.00,0.05,0.07,N,F,2025-12-06,2025-12-04,2025-12-12,TAKE BACK RETURN,TRUCK,"Standard handling, no extra notes."
1200030,19,4,1,15.00,9486.90,0.05,0.05,N,F,2025-12-05,2025-12-06,2025-12-09,TAKE BACK RETURN,AIR,Late afternoon dock slot requested.
1200030,25,10,2,1.00,228.81,0.02,0.18,N,F,2025-12-08,2025-12-07,2025-12-13,COLLECT COD,AIR,Partial release accepted by planning.
1200030,31,10,3,12.00,4164.84,0.05,0.07,N,F,2025-12-06,2025-12-04,2025-12-12,NONE,MAIL,Partial release accepted by planning.
1200030,13,10,4,40.00,36011.60,0.05,0.09,N,F,2025-12-06,2025-12-06,2025-12-08,NONE,AIR,Keep dry during long-haul shipment.
1200030,40,8,5,5.00,4574.65,0.05,0.05,N,F,2025-12-11,2025-12-09,2025-12-16,NONE,TRUCK,Customer requested labeled pallets.
1200031,25,1,1,20.00,4576.20,0.01,0.12,N,F,2025-12-21,2025-12-20,2025-12-27,TAKE BACK RETURN,RAIL,Customer requested labeled pallets.
1200031,18,14,2,6.00,4657.50,0.01,0.07,N,F,2025-12-19,2025-12-20,2025-12-21,NONE,MAIL,Cross-border paperwork pre-cleared.
1200031,19,5,3,5.00,3162.30,0.03,0.07,R,F,2025-12-15,2025-12-14,2025-12-19,TAKE BACK RETURN,SHIP,Partial release accepted by planning.
1200031,17,4,4,4.00,1648.92,0.03,0.18,A,F,2025-12-17,2025-12-15,2025-12-21,NONE,MAIL,Partial release accepted by planning.
1200031,8,7,5,6.00,5506.80,0.04,0.07,N,F,2025-12-19,2025-12-19,2025-12-24,COLLECT COD,RAIL,Keep dry during long-haul shipment.
1200032,31,5,1,30.00,10412.10,0.05,0.09,N,O,2026-01-06,2026-01-04,2026-01-10,DELIVER IN PERSON,RAIL,Keep dry during long-haul shipment.
1200032,28,9,2,6.00,5345.76,0.05,0.09,N,O,2026-01-06,2026-01-04,2026-01-12,COLLECT COD,SHIP,"Standard handling, no extra notes."
1200032,34,5,3,5.00,3083.90,0.10,0.18,N,O,2026-01-04,2026-01-03,2026-01-09,TAKE BACK RETURN,AIR,Cross-border paperwork pre-cleared.
1200032,39,10,4,3.00,2448.27,0.10,0.05,N,O,2026-01-08,2026-01-07,2026-01-14,DELIVER IN PERSON,RAIL,Cross-border paperwork pre-cleared.
1200032,16,7,5,15.00,8796.75,0.02,0.21,N,O,2026-01-06,2026-01-04,2026-01-08,TAKE BACK RETURN,SHIP,"Standard handling, no extra notes."
1200033,16,4,1,2.00,1172.90,0.12,0.18,N,O,2026-01-06,2026-01-04,2026-01-14,TAKE BACK RETURN,AIR,Cross-border paperwork pre-cleared.
1200033,39,5,2,8.00,6528.72,0.04,0.07,N,O,2025-12-30,2025-12-30,2026-01-01,TAKE BACK RETURN,RAIL,Cross-border paperwork pre-cleared.
1200033,24,4,3,20.00,7075.00,0.04,0.12,N,O,2026-01-05,2026-01-03,2026-01-10,TAKE BACK RETURN,AIR,Keep dry during long-haul shipment.
1200033,31,5,4,8.00,2776.56,0.02,0.12,N,O,2025-12-26,2025-12-27,2026-01-02,NONE,TRUCK,Cross-border paperwork pre-cleared.
1200033,34,14,5,30.00,18503.40,0.12,0.18,N,O,2025-12-30,2025-12-30,2026-01-01,DELIVER IN PERSON,AIR,Keep dry during long-haul shipment.
1200034,39,11,1,3.00,2448.27,0.02,0.21,A,F,2025-12-12,2025-12-13,2025-12-15,TAKE BACK RETURN,SHIP,Keep dry during long-haul shipment.
1200034,21,13,2,15.00,11370.30,0.08,0.09,N,F,2025-12-15,2025-12-14,2025-12-19,COLLECT COD,RAIL,Late afternoon dock slot requested.
1200034,24,8,3,1.00,353.75,0.06,0.09,N,F,2025-12-14,2025-12-14,2025-12-17,COLLECT COD,AIR,Late afternoon dock slot requested.
1200034,19,5,4,8.00,5059.68,0.04,0.09,N,F,2025-12-11,2025-12-11,2025-12-14,NONE,RAIL,Cross-border paperwork pre-cleared.
1200034,40,5,5,10.00,9149.30,0.03,0.21,N,F,2025-12-17,2025-12-17,2025-12-23,TAKE BACK RETURN,AIR,Late afternoon dock slot requested.
1200035,38,8,1,1.00,61.74,0.01,0.18,N,F,2025-12-11,2025-12-10,2025-12-19,NONE,AIR,Partial release accepted by planning.
1200035,12,12,2,10.00,5360.20,0.08,0.12,R,F,2025-12-09,2025-12-08,2025-12-12,DELIVER IN PERSON,SHIP,Late afternoon dock slot requested.
1200035,34,14,3,30.00,18503.40,0.06,0.05,R,F,2025-12-08,2025-12-08,2025-12-13,DELIVER IN PERSON,TRUCK,Keep dry during long-haul shipment.
1200035,1,2,4,10.00,4787.60,0.08,0.21,N,F,2025-12-04,2025-12-04,2025-12-09,NONE,MAIL,"Standard handling, no extra notes."
1200035,35,4,5,3.00,2598.30,0.04,0.12,N,F,2025-12-14,2025-12-12,2025-12-20,COLLECT COD,TRUCK,Customer requested labeled pallets.
1200036,18,6,1,4.00,3105.00,0.08,0.21,R,F,2025-12-17,2025-12-16,2025-12-23,DELIVER IN PERSON,MAIL,Late afternoon dock slot requested.
1200036,38,8,2,4.00,246.96,0.02,0.07,R,F,2025-12-15,2025-12-14,2025-12-17,NONE,RAIL,Late afternoon dock slot requested.
1200036,37,10,3,15.00,4115.85,0.05,0.07,N,F,2025-12-20,2025-12-18,2025-12-26,NONE,RAIL,"Standard handling, no extra notes."
1200036,26,6,4,1.00,512.88,0.03,0.09,N,F,2025-12-15,2025-12-14,2025-12-21,TAKE BACK RETURN,TRUCK,Keep dry during long-haul shipment.
1200036,35,13,5,25.00,21652.50,0.02,0.18,R,F,2025-12-17,2025-12-18,2025-12-21,DELIVER IN PERSON,SHIP,Partial release accepted by planning.
1200037,16,7,1,20.00,11729.00,0.10,0.18,N,O,2025-12-31,2025-12-31,2026-01-08,TAKE BACK RETURN,TRUCK,Customer requested labeled pallets.
1200037,3,8,2,3.00,234.75,0.03,0.07,N,O,2026-01-05,2026-01-04,2026-01-09,COLLECT COD,RAIL,Keep dry during long-haul shipment.
1200037,30,12,3,25.00,2340.00,0.03,0.21,N,O,2026-01-05,2026-01-03,2026-01-12,COLLECT COD,RAIL,Late afternoon dock slot requested.
1200037,27,12,4,30.00,16013.10,0.10,0.18,N,O,2025-12-28,2025-12-27,2026-01-02,TAKE BACK RETURN,RAIL,Partial release accepted by planning.
1200037,9,3,5,2.00,934.08,0.05,0.05,N,O,2025-12-31,2026-01-01,2026-01-04,TAKE BACK RETURN,RAIL,Late afternoon dock slot requested.
1200038,14,10,1,30.00,16096.80,0.04,0.12,N,O,2025-12-30,2025-12-28,2026-01-05,COLLECT COD,TRUCK,Partial release accepted by planning.
1200038,30,12,2,2.00,187.20,0.05,0.18,N,F,2025-12-27,2025-12-28,2025-12-30,COLLECT COD,TRUCK,Cross-border paperwork pre-cleared.
1200038,18,15,3,3.00,2328.75,0.10,0.07,N,O,2025-12-30,2025-12-30,2026-01-06,COLLECT COD,SHIP,Late afternoon dock slot requested.
1200038,12,15,4,25.00,13400.50,0.05,0.18,N,O,2026-01-01,2025-12-31,2026-01-04,DELIVER IN PERSON,MAIL,Late afternoon dock slot requested.
1200038,6,1,5,50.00,6877.00,0.01,0.07,N,O,2025-12-28,2025-12-28,2026-01-02,NONE,TRUCK,Customer requested labeled pallets.
1200039,35,13,1,25.00,21652.50,0.02,0.18,N,F,2025-12-18,2025-12-19,2025-12-20,DELIVER IN PERSON,RAIL,Customer requested labeled pallets.
1200039,22,3,2,40.00,7490.40,0.00,0.12,A,F,2025-12-19,2025-12-19,2025-12-25,DELIVER IN PERSON,TRUCK,Late afternoon dock slot requested.
1200039,12,12,3,8.00,4288.16,0.04,0.18,N,F,2025-12-26,2025-12-24,2025-12-31,DELIVER IN PERSON,RAIL,Customer requested labeled pallets.
1200039,26,3,4,5.00,2564.40,0.06,0.21,N,F,2025-12-25,2025-12-23,2025-12-29,NONE,RAIL,Customer requested labeled pallets.
1200039,33,11,5,8.00,6051.52,0.12,0.18,N,F,2025-12-18,2025-12-17,2025-12-22,DELIVER IN PERSON,SHIP,Late afternoon dock slot requested.
1200040,3,14,1,3.00,234.75,0.10,0.18,N,O,2026-01-10,2026-01-09,2026-01-17,TAKE BACK RETURN,MAIL,Keep dry during long-haul shipment.
1200040,13,10,2,5.00,4501.45,0.12,0.09,N,O,2026-01-06,2026-01-06,2026-01-13,TAKE BACK RETURN,TRUCK,Partial release accepted by planning.
1200040,23,9,3,50.00,19500.50,0.05,0.21,N,O,2026-01-04,2026-01-02,2026-01-12,NONE,RAIL,Keep dry during long-haul shipment.
1200040,12,12,4,20.00,10720.40,0.01,0.21,N,O,2026-01-08,2026-01-07,2026-01-16,COLLECT COD,MAIL,Customer requested labeled pallets.
1200040,6,10,5,25.00,3438.50,0.00,0.21,N,O,2026-01-09,2026-01-08,2026-01-12,NONE,MAIL,Keep dry during long-haul shipment.
1200041,20,2,1,5.00,3377.00,0.03,0.09,N,F,2025-12-21,2025-12-21,2025-12-23,COLLECT COD,RAIL,Late afternoon dock slot requested.
1200041,25,8,2,8.00,1830.48,0.02,0.18,A,F,2025-12-24,2025-12-24,2025-12-28,NONE,AIR,Cross-border paperwork pre-cleared.
1200041,33,3,3,50.00,37822.00,0.00,0.18,N,F,2025-12-25,2025-12-24,2025-12-30,NONE,AIR,Cross-border paperwork pre-cleared.
1200041,28,9,4,4.00,3563.84,0.01,0.07,N,F,2025-12-18,2025-12-18,2025-12-22,TAKE BACK RETURN,RAIL,Keep dry during long-haul shipment.
1200041,31,5,5,10.00,3470.70,0.05,0.12,N,F,2025-12-22,2025-12-21,2025-12-25,COLLECT COD,SHIP,"Standard handling, no extra notes."
1200042,5,3,1,5.00,1173.85,0.03,0.21,N,O,2025-12-25,2025-12-25,2026-01-02,DELIVER IN PERSON,AIR,Customer requested labeled pallets.
1200042,19,5,2,6.00,3794.76,0.05,0.07,N,F,2025-12-25,2025-12-24,2025-12-31,NONE,AIR,Keep dry during long-haul shipment.
1200042,17,13,3,2.00,824.46,0.01,0.07,N,O,2025-12-28,2025-12-26,2026-01-03,COLLECT COD,TRUCK,Keep dry during long-haul shipment.
1200042,22,3,4,3.00,561.78,0.10,0.21,N,O,2025-12-27,2025-12-26,2026-01-04,DELIVER IN PERSON,MAIL,"Standard handling, no extra notes."
1200042,7,15,5,25.00,5313.00,0.04,0.07,N,F,2025-12-26,2025-12-25,2025-12-30,COLLECT COD,TRUCK,Keep dry during long-haul shipment.
1200043,4,1,1,2.00,622.42,0.00,0.07,N,F,2025-12-23,2025-12-23,2025-12-29,TAKE BACK RETURN,TRUCK,Late afternoon dock slot requested.
1200043,30,5,2,2.00,187.20,0.12,0.07,N,O,2025-12-29,2025-12-29,2026-01-04,DELIVER IN PERSON,AIR,Cross-border paperwork pre-cleared.
1200043,20,5,3,25.00,16885.00,0.12,0.18,N,O,2025-12-28,2025-12-26,2026-01-05,NONE,SHIP,Late afternoon dock slot requested.
1200043,11,9,4,20.00,14541.60,0.10,0.09,N,O,2025-12-30,2025-12-28,2026-01-02,DELIVER IN PERSON,SHIP,Late afternoon dock slot requested.
1200043,36,12,5,3.00,82.59,0.04,0.07,N,O,2025-12-24,2025-12-25,2026-01-01,NONE,MAIL,Keep dry during long-haul shipment.
1200044,31,8,1,50.00,17353.50,0.10,0.21,N,F,2025-12-23,2025-12-23,2025-12-28,COLLECT COD,TRUCK,Partial release accepted by planning.
1200044,12,15,2,5.00,2680.10,0.05,0.12,N,F,2025-12-22,2025-12-22,2025-12-24,NONE,RAIL,Customer requested labeled pallets.
1200044,17,5,3,8.00,3297.84,0.03,0.18,N,F,2025-12-22,2025-12-21,2025-12-29,NONE,SHIP,Late afternoon dock slot requested.
1200044,34,15,4,6.00,3700.68,0.00,0.12,N,F,2025-12-24,2025-12-25,2025-12-31,TAKE BACK RETURN,MAIL,Customer requested labeled pallets.
1200044,5,3,5,4.00,939.08,0.06,0.09,N,F,2025-12-20,2025-12-18,2025-12-26,NONE,MAIL,Late afternoon dock slot requested.
1200045,23,2,1,5.00,1950.05,0.08,0.05,N,F,2025-12-11,2025-12-12,2025-12-17,TAKE BACK RETURN,SHIP,Late afternoon dock slot requested.
1200045,7,14,2,8.00,1700.16,0.12,0.09,N,F,2025-12-11,2025-12-11,2025-12-18,NONE,SHIP,Partial release accepted by planning.
1200045,15,1,3,50.00,23753.50,0.06,0.09,N,F,2025-12-09,2025-12-08,2025-12-14,NONE,MAIL,Keep dry during long-haul shipment.
1200045,4,1,4,8.00,2489.68,0.03,0.18,N,F,2025-12-08,2025-12-08,2025-12-12,NONE,AIR,Customer requested labeled pallets.
1200045,21,13,5,1.00,758.02,0.02,0.12,A,F,2025-12-05,2025-12-04,2025-12-10,COLLECT COD,SHIP,Cross-border paperwork pre-cleared.
1200046,38,8,1,25.00,1543.50,0.12,0.12,N,F,2025-12-15,2025-12-16,2025-12-19,COLLECT COD,RAIL,Cross-border paperwork pre-cleared.
1200046,20,2,2,15.00,10131.00,0.00,0.18,A,F,2025-12-15,2025-12-14,2025-12-20,DELIVER IN PERSON,TRUCK,Partial release accepted by planning.
1200046,25,8,3,25.00,5720.25,0.04,0.07,N,F,2025-12-20,2025-12-20,2025-12-26,COLLECT COD,SHIP,Late afternoon dock slot requested.
1200046,17,13,4,6.00,2473.38,0.02,0.18,N,F,2025-12-18,2025-12-19,2025-12-22,TAKE BACK RETURN,AIR,Partial release accepted by planning.
1200046,26,6,5,40.00,20515.20,0.10,0.12,N,F,2025-12-19,2025-12-20,2025-12-27,NONE,AIR,Late afternoon dock slot requested.
1200047,32,6,1,12.00,8489.16,0.08,0.05,N,O,2026-01-03,2026-01-03,2026-01-08,NONE,SHIP,Keep dry during long-haul shipment.
1200047,31,8,2,1.00,347.07,0.02,0.05,N,O,2026-01-03,2026-01-02,2026-01-11,TAKE BACK RETURN,MAIL,Cross-border paperwork pre-cleared.
1200047,15,3,3,15.00,7126.05,0.03,0.21,N,O,2026-01-02,2026-01-03,2026-01-04,TAKE BACK RETURN,MAIL,Keep dry during long-haul shipment.
1200047,17,13,4,20.00,8244.60,0.06,0.12,N,O,2026-01-01,2026-01-01,2026-01-09,COLLECT COD,MAIL,Partial release accepted by planning.
1200047,13,13,5,2.00,1800.58,0.01,0.21,N,O,2026-01-01,2025-12-30,2026-01-08,NONE,MAIL,Partial release accepted by planning.
1200048,28,9,1,1.00,890.96,0.04,0.05,N,O,2025-12-25,2025-12-23,2026-01-01,DELIVER IN PERSON,SHIP,Keep dry during long-haul shipment.
1200048,19,5,2,40.00,25298.40,0.01,0.12,N,F,2025-12-24,2025-12-24,2025-12-30,COLLECT COD,MAIL,Cross-border paperwork pre-cleared.
1200048,32,6,3,6.00,4244.58,0.03,0.21,N,O,2025-12-29,2025-12-29,2026-01-01,NONE,MAIL,Partial release accepted by planning.
1200048,9,3,4,1.00,467.04,0.05,0.09,A,F,2025-12-25,2025-12-26,2025-12-30,COLLECT COD,AIR,Keep dry during long-haul shipment.
1200048,21,13,5,10.00,7580.20,0.12,0.18,N,O,2025-12-31,2025-12-30,2026-01-07,COLLECT COD,RAIL,"Standard handling, no extra notes."
1200049,9,8,1,40.00,18681.60,0.12,0.05,N,F,2025-12-08,2025-12-06,2025-12-11,TAKE BACK RETURN,TRUCK,Customer requested labeled pallets.
1200049,4,14,2,1.00,311.21,0.05,0.12,R,F,2025-12-14,2025-12-12,2025-12-21,TAKE BACK RETURN,RAIL,Partial release accepted by planning.
1200049,21,1,3,1.00,758.02,0.12,0.12,N,F,2025-12-12,2025-12-11,2025-12-16,DELIVER IN PERSON,TRUCK,"Standard handling, no extra notes."
1200049,23,2,4,50.00,19500.50,0.00,0.05,N,F,2025-12-12,2025-12-10,2025-12-19,NONE,TRUCK,Keep dry during long-haul shipment.
1200049,31,8,5,3.00,1041.21,0.00,0.07,N,F,2025-12-08,2025-12-08,2025-12-13,TAKE BACK RETURN,RAIL,Partial release accepted by planning.
1200050,2,11,1,30.00,9873.30,0.01,0.07,N,F,2025-12-12,2025-12-11,2025-12-14,COLLECT COD,SHIP,Cross-border paperwork pre-cleared.
1200050,6,1,2,15.00,2063.10,0.04,0.05,N,F,2025-12-11,2025-12-09,2025-12-15,DELIVER IN PERSON,AIR,Cross-border paperwork pre-cleared.
1200050,30,5,3,5.00,468.00,0.06,0.21,N,F,2025-12-11,2025-12-11,2025-12-15,TAKE BACK RETURN,RAIL,Cross-border paperwork pre-cleared.
1200050,38,8,4,2.00,123.48,0.01,0.18,N,F,2025-12-09,2025-12-07,2025-12-14,NONE,RAIL,Customer requested labeled pallets.
1200050,34,15,5,10.00,6167.80,0.01,0.21,N,F,2025-12-08,2025-12-06,2025-12-15,DELIVER IN PERSON,MAIL,"Standard handling, no extra notes."
1200051,30,5,1,20.00,1872.00,0.10,0.21,N,F,2025-12-21,2025-12-21,2025-12-29,COLLECT COD,SHIP,Partial release accepted by planning.
1200051,6,1,2,50.00,6877.00,0.08,0.18,N,F,2025-12-21,2025-12-22,2025-12-27,NONE,MAIL,Partial release accepted by planning.
1200051,29,8,3,6.00,2351.94,0.04,0.09,N,F,2025-12-21,2025-12-21,2025-12-26,DELIVER IN PERSON,SHIP,Keep dry during long-haul shipment.
1200051,11,9,4,6.00,4362.48,0.00,0.18,N,F,2025-12-23,2025-12-21,2025-12-25,NONE,RAIL,Keep dry during long-haul shipment.
1200051,31,8,5,8.00,2776.56,0.08,0.21,A,F,2025-12-15,2025-12-14,2025-12-20,DELIVER IN PERSON,TRUCK,Keep dry during long-haul shipment.
1200052,5,12,1,5.00,1173.85,0.08,0.21,N,F,2025-12-25,2025-12-26,2025-12-30,TAKE BACK RETURN,SHIP,Late afternoon dock slot requested.
1200052,18,15,2,40.00,31050.00,0.02,0.05,R,F,2025-12-21,2025-12-22,2025-12-24,TAKE BACK RETURN,SHIP,Customer requested labeled pallets.
1200052,17,5,3,3.00,1236.69,0.05,0.05,N,F,2025-12-20,2025-12-21,2025-12-22,COLLECT COD,AIR,Customer requested labeled pallets.
1200052,27,5,4,3.00,1601.31,0.03,0.07,N,O,2025-12-26,2025-12-26,2026-01-03,TAKE BACK RETURN,SHIP,Cross-border paperwork pre-cleared.
1200052,2,5,5,5.00,1645.55,0.04,0.18,N,O,2025-12-25,2025-12-25,2026-01-02,COLLECT COD,MAIL,Cross-border paperwork pre-cleared.
1200053,11,15,1,12.00,8724.96,0.02,0.12,N,O,2025-12-30,2025-12-28,2026-01-04,DELIVER IN PERSON,TRUCK,Cross-border paperwork pre-cleared.
1200053,17,5,2,50.00,20611.50,0.10,0.21,N,O,2026-01-01,2025-12-31,2026-01-08,DELIVER IN PERSON,MAIL,Late afternoon dock slot requested.
1200053,16,4,3,5.00,2932.25,0.04,0.09,N,F,2025-12-25,2025-12-24,2025-12-31,NONE,RAIL,Partial release accepted by planning.
1200053,37,5,4,1.00,274.39,0.03,0.12,R,F,2025-12-29,2025-12-29,2025-12-31,COLLECT COD,TRUCK,Cross-border paperwork pre-cleared.
1200053,2,5,5,25.00,8227.75,0.10,0.21,N,F,2025-12-25,2025-12-24,2025-12-30,TAKE BACK RETURN,RAIL,Late afternoon dock slot requested.
1200054,40,4,1,2.00,1829.86,0.00,0.18,N,F,2025-12-21,2025-12-19,2025-12-29,DELIVER IN PERSON,AIR,Customer requested labeled pallets.
1200054,19,12,2,10.00,6324.60,0.00,0.09,N,F,2025-12-15,2025-12-16,2025-12-19,NONE,AIR,Keep dry during long-haul shipment.
1200054,9,9,3,12.00,5604.48,0.12,0.21,N,F,2025-12-20,2025-12-21,2025-12-28,DELIVER IN PERSON,TRUCK,Partial release accepted by planning.
1200054,2,5,4,5.00,1645.55,0.08,0.18,N,F,2025-12-20,2025-12-18,2025-12-22,COLLECT COD,MAIL,Customer requested labeled pallets.
1200054,15,1,5,12.00,5700.84,0.06,0.12,N,F,2025-12-19,2025-12-17,2025-12-24,NONE,TRUCK,"Standard handling, no extra notes."
1200055,3,8,1,5.00,391.25,0.10,0.07,N,O,2026-01-05,2026-01-03,2026-01-13,DELIVER IN PERSON,SHIP,Late afternoon dock slot requested.
1200055,24,4,2,10.00,3537.50,0.00,0.05,N,O,2026-01-07,2026-01-05,2026-01-15,TAKE BACK RETURN,TRUCK,Cross-border paperwork pre-cleared.
1200055,28,4,3,5.00,4454.80,0.01,0.09,N,O,2025-12-29,2025-12-30,2026-01-04,TAKE BACK RETURN,RAIL,Partial release accepted by planning.
1200055,17,5,4,30.00,12366.90,0.00,0.05,N,O,2026-01-01,2026-01-01,2026-01-08,COLLECT COD,TRUCK,Keep dry during long-haul shipment.
1200055,6,12,5,30.00,4126.20,0.10,0.09,N,O,2026-01-08,2026-01-07,2026-01-10,DELIVER IN PERSON,SHIP,Keep dry during long-haul shipment.
1200056,27,1,1,6.00,3202.62,0.02,0.05,R,F,2025-12-11,2025-12-09,2025-12-14,TAKE BACK RETURN,TRUCK,Partial release accepted by planning.
1200056,3,8,2,2.00,156.50,0.05,0.07,R,F,2025-12-12,2025-12-11,2025-12-16,COLLECT COD,TRUCK,Cross-border paperwork pre-cleared.
1200056,21,1,3,50.00,37901.00,0.02,0.07,N,F,2025-12-11,2025-12-10,2025-12-14,DELIVER IN PERSON,MAIL,Partial release accepted by planning.
1200056,38,2,4,10.00,617.40,0.12,0.21,N,F,2025-12-09,2025-12-10,2025-12-16,NONE,TRUCK,Customer requested labeled pallets.
1200056,40,4,5,25.00,22873.25,0.00,0.09,N,F,2025-12-04,2025-12-04,2025-12-08,TAKE BACK RETURN,MAIL,Late afternoon dock slot requested.
1200057,35,13,1,12.00,10393.20,0.01,0.09,N,O,2025-12-27,2025-12-27,2026-01-02,COLLECT COD,RAIL,Keep dry during long-haul shipment.
1200057,4,1,2,20.00,6224.20,0.04,0.05,N,F,2025-12-26,2025-12-26,2025-12-31,DELIVER IN PERSON,RAIL,Late afternoon dock slot requested.
1200057,32,2,3,4.00,2829.72,0.00,0.21,N,F,2025-12-21,2025-12-22,2025-12-29,DELIVER IN PERSON,RAIL,"Standard handling, no extra notes."
1200057,8,3,4,8.00,7342.40,0.08,0.18,N,F,2025-12-23,2025-12-24,2025-12-27,DELIVER IN PERSON,SHIP,Late afternoon dock slot requested.
1200057,38,8,5,5.00,308.70,0.02,0.07,N,O,2025-12-30,2025-12-28,2026-01-06,COLLECT COD,MAIL,Customer requested labeled pallets.
1200058,5,3,1,30.00,7043.10,0.10,0.05,N,O,2026-01-09,2026-01-10,2026-01-14,NONE,TRUCK,Cross-border paperwork pre-cleared.
1200058,18,15,2,6.00,4657.50,0.10,0.21,N,O,2026-01-04,2026-01-04,2026-01-06,DELIVER IN PERSON,MAIL,Late afternoon dock slot requested.
1200058,1,5,3,1.00,478.76,0.06,0.18,N,O,2026-01-08,2026-01-07,2026-01-16,NONE,MAIL,Customer requested labeled pallets.
1200058,7,15,4,25.00,5313.00,0.04,0.07,N,O,2026-01-11,2026-01-09,2026-01-14,COLLECT COD,AIR,Keep dry during long-haul shipment.
1200058,19,5,5,50.00,31623.00,0.04,0.18,N,O,2026-01-10,2026-01-09,2026-01-15,TAKE BACK RETURN,MAIL,Cross-border paperwork pre-cleared.
1200059,33,3,1,10.00,7564.40,0.05,0.05,N,F,2025-12-25,2025-12-23,2025-12-31,COLLECT COD,AIR,"Standard handling, no extra notes."
1200059,23,2,2,3.00,1170.03,0.04,0.09,N,F,2025-12-21,2025-12-19,2025-12-27,NONE,TRUCK,Cross-border paperwork pre-cleared.
1200059,13,13,3,4.00,3601.16,0.06,0.18,A,F,2025-12-23,2025-12-21,2025-12-26,DELIVER IN PERSON,SHIP,Partial release accepted by planning.
1200059,3,3,4,4.00,313.00,0.03,0.05,N,F,2025-12-19,2025-12-17,2025-12-27,COLLECT COD,TRUCK,"Standard handling, no extra notes."
1200059,1,2,5,8.00,3830.08,0.06,0.18,N,F,2025-12-24,2025-12-24,2025-12-29,NONE,TRUCK,Cross-border paperwork pre-cleared.
1200060,1,5,1,25.00,11969.00,0.12,0.05,N,F,2025-12-17,2025-12-15,2025-12-22,TAKE BACK RETURN,TRUCK,Customer requested labeled pallets.
1200060,17,5,2,5.00,2061.15,0.12,0.05,R,F,2025-12-15,2025-12-15,2025-12-19,NONE,RAIL,Late afternoon dock slot requested.
1200060,6,1,3,50.00,6877.00,0.03,0.07,N,F,2025-12-15,2025-12-14,2025-12-21,DELIVER IN PERSON,SHIP,"Standard handling, no extra notes."
1200060,20,7,4,5.00,3377.00,0.10,0.21,R,F,2025-12-12,2025-12-13,2025-12-16,COLLECT COD,SHIP,Late afternoon dock slot requested.
1200060,2,5,5,8.00,2632.88,0.08,0.18,N,F,2025-12-12,2025-12-11,2025-12-17,NONE,TRUCK,Keep dry during long-haul shipment.
1200061,14,10,1,5.00,2682.80,0.04,0.21,N,O,2026-01-10,2026-01-08,2026-01-18,COLLECT COD,AIR,Keep dry during long-haul shipment.
1200061,34,14,2,2.00,1233.56,0.00,0.21,N,O,2026-01-08,2026-01-07,2026-01-15,NONE,AIR,Cross-border paperwork pre-cleared.
1200061,2,13,3,1.00,329.11,0.01,0.05,N,O,2026-01-04,2026-01-05,2026-01-08,DELIVER IN PERSON,RAIL,"Standard handling, no extra notes."
1200061,17,13,4,4.00,1648.92,0.04,0.21,N,O,2026-01-01,2026-01-01,2026-01-07,DELIVER IN PERSON,RAIL,Late afternoon dock slot requested.
1200061,18,6,5,20.00,15525.00,0.02,0.18,N,O,2026-01-03,2026-01-01,2026-01-11,DELIVER IN PERSON,RAIL,Partial release accepted by planning.
1200062,17,4,1,2.00,824.46,0.10,0.18,N,F,2025-12-13,2025-12-12,2025-12-18,TAKE BACK RETURN,MAIL,Partial release accepted by planning.
1200062,27,12,2,40.00,21350.80,0.03,0.18,N,F,2025-12-12,2025-12-10,2025-12-18,DELIVER IN PERSON,RAIL,Late afternoon dock slot requested.
1200062,26,15,3,10.00,5128.80,0.02,0.05,N,F,2025-12-13,2025-12-13,2025-12-15,COLLECT COD,TRUCK,Keep dry during long-haul shipment.
1200062,4,4,4,10.00,3112.10,0.01,0.05,R,F,2025-12-16,2025-12-15,2025-12-19,COLLECT COD,RAIL,Late afternoon dock slot requested.
1200062,31,5,5,15.00,5206.05,0.12,0.12,N,F,2025-12-16,2025-12-17,2025-12-23,NONE,SHIP,Partial release accepted by planning.
1200063,34,15,1,1.00,616.78,0.03,0.07,N,F,2025-12-17,2025-12-17,2025-12-23,NONE,RAIL,Partial release accepted by planning.
1200063,35,14,2,1.00,866.10,0.02,0.05,N,F,2025-12-18,2025-12-16,2025-12-26,TAKE BACK RETURN,RAIL,Late afternoon dock slot requested.
1200063,17,4,3,2.00,824.46,0.02,0.05,N,F,2025-12-15,2025-12-13,2025-12-23,TAKE BACK RETURN,TRUCK,Cross-border paperwork pre-cleared.
1200063,16,7,4,8.00,4691.60,0.12,0.07,N,F,2025-12-15,2025-12-14,2025-12-20,NONE,RAIL,Late afternoon dock slot requested.
1200063,21,1,5,6.00,4548.12,0.12,0.05,N,F,2025-12-22,2025-12-20,2025-12-27,DELIVER IN PERSON,AIR,Cross-border paperwork pre-cleared.
1200064,33,11,1,15.00,11346.60,0.00,0.21,N,O,2025-12-28,2025-12-27,2026-01-05,COLLECT COD,SHIP,Late afternoon dock slot requested.
1200064,20,7,2,12.00,8104.80,0.01,0.12,N,O,2025-12-29,2025-12-28,2026-01-03,DELIVER IN PERSON,TRUCK,Late afternoon dock slot requested.
1200064,27,1,3,40.00,21350.80,0.04,0.21,N,O,2025-12-27,2025-12-25,2026-01-03,TAKE BACK RETURN,AIR,"Standard handling, no extra notes."
1200064,8,6,4,2.00,1835.60,0.04,0.18,N,O,2025-12-27,2025-12-28,2026-01-04,COLLECT COD,RAIL,Late afternoon dock slot requested.
1200064,30,5,5,5.00,468.00,0.04,0.21,N,F,2025-12-26,2025-12-24,2025-12-30,DELIVER IN PERSON,AIR,Keep dry during long-haul shipment.
1200065,13,10,1,25.00,22507.25,0.00,0.07,N,O,2026-01-03,2026-01-01,2026-01-10,DELIVER IN PERSON,TRUCK,Partial release accepted by planning.
1200065,21,14,2,25.00,18950.50,0.06,0.12,N,O,2026-01-08,2026-01-09,2026-01-11,NONE,AIR,"Standard handling, no extra notes."
1200065,23,9,3,6.00,2340.06,0.05,0.09,N,O,2026-01-04,2026-01-03,2026-01-08,TAKE BACK RETURN,AIR,Partial release accepted by planning.
1200065,28,4,4,15.00,13364.40,0.02,0.09,N,O,2026-01-09,2026-01-08,2026-01-15,COLLECT COD,MAIL,Customer requested labeled pallets.
1200065,11,15,5,5.00,3635.40,0.01,0.18,N,O,2026-01-09,2026-01-09,2026-01-16,COLLECT COD,TRUCK,Customer requested labeled pallets.
1200066,18,14,1,6.00,4657.50,0.10,0.09,A,F,2025-12-15,2025-12-15,2025-12-23,DELIVER IN PERSON,RAIL,Keep dry during long-haul shipment.
1200066,33,3,2,8.00,6051.52,0.02,0.18,A,F,2025-12-16,2025-12-14,2025-12-18,DELIVER IN PERSON,TRUCK,Keep dry during long-haul shipment.
1200066,13,7,3,6.00,5401.74,0.08,0.09,N,F,2025-12-12,2025-12-11,2025-12-14,NONE,TRUCK,Keep dry during long-haul shipment.
1200066,20,5,4,40.00,27016.00,0.00,0.07,A,F,2025-12-12,2025-12-11,2025-12-14,DELIVER IN PERSON,AIR,Cross-border paperwork pre-cleared.
1200066,1,5,5,8.00,3830.08,0.10,0.21,N,F,2025-12-10,2025-12-11,2025-12-13,DELIVER IN PERSON,SHIP,"Standard handling, no extra notes."
1200067,4,14,1,15.00,4668.15,0.10,0.18,N,O,2026-01-07,2026-01-07,2026-01-14,NONE,RAIL,Keep dry during long-haul shipment.
1200067,17,5,2,2.00,824.46,0.03,0.18,N,O,2026-01-07,2026-01-07,2026-01-13,NONE,AIR,Keep dry during long-haul shipment.
1200067,8,6,3,25.00,22945.00,0.10,0.07,N,O,2026-01-08,2026-01-07,2026-01-12,COLLECT COD,AIR,Customer requested labeled pallets.
1200067,36,3,4,6.00,165.18,0.01,0.18,N,O,2026-01-03,2026-01-03,2026-01-11,NONE,RAIL,Keep dry during long-haul shipment.
1200067,13,10,5,15.00,13504.35,0.04,0.18,N,O,2026-01-06,2026-01-05,2026-01-09,TAKE BACK RETURN,TRUCK,Cross-border paperwork pre-cleared.
1200068,22,5,1,12.00,2247.12,0.12,0.09,N,F,2025-12-25,2025-12-26,2025-12-29,NONE,SHIP,Keep dry during long-haul shipment.
1200068,12,12,2,50.00,26801.00,0.02,0.09,N,F,2025-12-23,2025-12-23,2025-12-30,NONE,RAIL,"Standard handling, no extra notes."
1200068,36,3,3,8.00,220.24,0.05,0.07,N,O,2025-12-28,2025-12-28,2026-01-03,COLLECT COD,MAIL,"Standard handling, no extra notes."
1200068,16,3,4,40.00,23458.00,0.01,0.09,N,O,2025-12-27,2025-12-28,2026-01-04,TAKE BACK RETURN,RAIL,Cross-border paperwork pre-cleared.
1200068,8,7,5,5.00,4589.00,0.12,0.21,N,O,2025-12-28,2025-12-26,2026-01-05,COLLECT COD,MAIL,Keep dry during long-haul shipment.
1200069,33,3,1,30.00,22693.20,0.08,0.05,N,F,2025-12-09,2025-12-10,2025-12-12,TAKE BACK RETURN,SHIP,Cross-border paperwork pre-cleared.
1200069,11,9,2,15.00,10906.20,0.03,0.07,N,F,2025-12-12,2025-12-13,2025-12-20,TAKE BACK RETURN,SHIP,Keep dry during long-haul shipment.
1200069,23,2,3,12.00,4680.12,0.02,0.18,N,F,2025-12-09,2025-12-09,2025-12-12,COLLECT COD,RAIL,"Standard handling, no extra notes."
1200069,34,14,4,3.00,1850.34,0.03,0.09,N,F,2025-12-06,2025-12-06,2025-12-08,NONE,RAIL,Cross-border paperwork pre-cleared.
1200069,4,14,5,5.00,1556.05,0.06,0.05,R,F,2025-12-05,2025-12-06,2025-12-11,TAKE BACK RETURN,AIR,Partial release accepted by planning.
1200070,18,6,1,6.00,4657.50,0.00,0.18,N,O,2026-01-03,2026-01-01,2026-01-07,DELIVER IN PERSON,RAIL,Partial release accepted by planning.
1200070,4,1,2,6.00,1867.26,0.05,0.12,N,O,2026-01-07,2026-01-07,2026-01-12,COLLECT COD,AIR,Keep dry during long-haul shipment.
1200070,23,6,3,3.00,1170.03,0.02,0.18,N,O,2026-01-03,2026-01-04,2026-01-10,TAKE BACK RETURN,TRUCK,"Standard handling, no extra notes."
1200070,9,8,4,8.00,3736.32,0.08,0.07,N,O,2026-01-04,2026-01-03,2026-01-08,TAKE BACK RETURN,RAIL,"Standard handling, no extra notes."
1200070,10,8,5,40.00,9140.40,0.01,0.18,N,O,2026-01-03,2026-01-04,2026-01-09,TAKE BACK RETURN,SHIP,Late afternoon dock slot requested.
1200071,33,3,1,8.00,6051.52,0.03,0.21,N,F,2025-12-26,2025-12-24,2025-12-31,DELIVER IN PERSON,RAIL,Partial release accepted by planning.
1200071,4,1,2,20.00,6224.20,0.02,0.18,A,F,2025-12-22,2025-12-23,2025-12-27,TAKE BACK RETURN,SHIP,Keep dry during long-haul shipment.
1200071,24,4,3,4.00,1415.00,0.00,0.09,N,O,2025-12-26,2025-12-25,2026-01-01,NONE,RAIL,Partial release accepted by planning.
1200071,40,4,4,8.00,7319.44,0.03,0.21,N,O,2026-01-01,2025-12-31,2026-01-09,TAKE BACK RETURN,AIR,"Standard handling, no extra notes."
1200071,25,10,5,8.00,1830.48,0.08,0.07,N,O,2026-01-01,2025-12-30,2026-01-09,COLLECT COD,TRUCK,Cross-border paperwork pre-cleared.
1200072,8,7,1,20.00,18356.00,0.00,0.12,N,O,2026-01-07,2026-01-08,2026-01-15,COLLECT COD,AIR,"Standard handling, no extra notes."
1200072,11,15,2,5.00,3635.40,0.05,0.21,N,O,2026-01-01,2025-12-31,2026-01-03,TAKE BACK RETURN,RAIL,Cross-border paperwork pre-cleared.
1200072,16,7,3,50.00,29322.50,0.10,0.12,N,O,2026-01-06,2026-01-05,2026-01-12,NONE,MAIL,Cross-border paperwork pre-cleared.
1200072,12,12,4,20.00,10720.40,0.03,0.09,N,O,2025-12-31,2026-01-01,2026-01-04,DELIVER IN PERSON,AIR,"Standard handling, no extra notes."
1200072,10,8,5,8.00,1828.08,0.10,0.07,N,O,2026-01-04,2026-01-02,2026-01-11,TAKE BACK RETURN,TRUCK,Late afternoon dock slot requested.
1200073,20,2,1,2.00,1350.80,0.05,0.21,N,F,2025-12-21,2025-12-21,2025-12-23,COLLECT COD,MAIL,Cross-border paperwork pre-cleared.
1200073,22,3,2,12.00,2247.12,0.06,0.05,N,F,2025-12-28,2025-12-26,2025-12-31,NONE,TRUCK,Keep dry during long-haul shipment.
1200073,29,7,3,12.00,4703.88,0.10,0.09,N,O,2025-12-28,2025-12-27,2026-01-02,DELIVER IN PERSON,TRUCK,Late afternoon dock slot requested.
1200073,28,4,4,1.00,890.96,0.03,0.09,A,F,2025-12-22,2025-12-21,2025-12-28,COLLECT COD,SHIP,Partial release accepted by planning.
1200073,39,11,5,1.00,816.09,0.06,0.05,A,F,2025-12-28,2025-12-27,2025-12-31,TAKE BACK RETURN,TRUCK,Cross-border paperwork pre-cleared.
1200074,22,2,1,40.00,7490.40,0.03,0.05,N,F,2025-12-17,2025-12-16,2025-12-24,DELIVER IN PERSON,MAIL,Keep dry during long-haul shipment.
1200074,34,5,2,3.00,1850.34,0.05,0.07,N,F,2025-12-20,2025-12-20,2025-12-28,NONE,RAIL,Customer requested labeled pallets.
1200074,15,1,3,3.00,1425.21,0.05,0.21,N,F,2025-12-12,2025-12-13,2025-12-14,TAKE BACK RETURN,MAIL,"Standard handling, no extra notes."
1200074,13,7,4,20.00,18005.80,0.01,0.05,A,F,2025-12-19,2025-12-18,2025-12-24,TAKE BACK RETURN,SHIP,Cross-border paperwork pre-cleared.
1200074,18,6,5,25.00,19406.25,0.05,0.05,A,F,2025-12-20,2025-12-18,2025-12-23,NONE,RAIL,"Standard handling, no extra notes."
1200075,24,4,1,8.00,2830.00,0.02,0.21,N,F,2025-12-28,2025-12-26,2025-12-30,DELIVER IN PERSON,AIR,Customer requested labeled pallets.
1200075,10,11,2,40.00,9140.40,0.05,0.05,N,F,2025-12-25,2025-12-26,2025-12-31,COLLECT COD,RAIL,Keep dry during long-haul shipment.
1200075,7,14,3,1.00,212.52,0.00,0.21,N,O,2025-12-31,2025-12-30,2026-01-03,NONE,SHIP,Customer requested labeled pallets.
1200075,14,8,4,1.00,536.56,0.08,0.12,N,O,2025-12-28,2025-12-29,2026-01-03,DELIVER IN PERSON,SHIP,Customer requested labeled pallets.
1200075,9,9,5,4.00,1868.16,0.00,0.18,N,F,2025-12-27,2025-12-26,2025-12-29,DELIVER IN PERSON,MAIL,Cross-border paperwork pre-cleared.
1200076,4,14,1,2.00,622.42,0.04,0.09,N,O,2026-01-08,2026-01-08,2026-01-11,TAKE BACK RETURN,AIR,Keep dry during long-haul shipment.
1200076,28,4,2,15.00,13364.40,0.10,0.07,N,O,2026-01-05,2026-01-04,2026-01-09,TAKE BACK RETURN,SHIP,Customer requested labeled pallets.
1200076,24,3,3,4.00,1415.00,0.03,0.07,N,O,2026-01-03,2026-01-04,2026-01-06,COLLECT COD,AIR,Partial release accepted by planning.
1200076,5,3,4,25.00,5869.25,0.06,0.07,N,O,2026-01-07,2026-01-06,2026-01-14,TAKE BACK RETURN,TRUCK,Keep dry during long-haul shipment.
1200076,12,12,5,15.00,8040.30,0.05,0.09,N,O,2026-01-02,2026-01-03,2026-01-05,COLLECT COD,MAIL,Keep dry during long-haul shipment.
1200077,2,11,1,25.00,8227.75,0.02,0.18,N,F,2025-12-05,2025-12-04,2025-12-11,TAKE BACK RETURN,RAIL,Cross-border paperwork pre-cleared.
1200077,17,4,2,2.00,824.46,0.05,0.18,R,F,2025-12-12,2025-12-11,2025-12-14,TAKE BACK RETURN,AIR,Partial release accepted by planning.
1200077,36,12,3,40.00,1101.20,0.01,0.18,A,F,2025-12-12,2025-12-10,2025-12-15,DELIVER IN PERSON,MAIL,Late afternoon dock slot requested.
1200077,7,11,4,20.00,4250.40,0.00,0.05,N,F,2025-12-12,2025-12-11,2025-12-19,DELIVER IN PERSON,RAIL,Customer requested labeled pallets.
1200077,18,6,5,40.00,31050.00,0.05,0.09,N,F,2025-12-06,2025-12-07,2025-12-10,NONE,SHIP,Late afternoon dock slot requested.
1200078,11,9,1,30.00,21812.40,0.05,0.21,N,O,2025-12-30,2025-12-28,2026-01-03,TAKE BACK RETURN,TRUCK,Customer requested labeled pallets.
1200078,36,13,2,20.00,550.60,0.03,0.09,N,O,2025-12-29,2025-12-29,2026-01-03,TAKE BACK RETURN,RAIL,Keep dry during long-haul shipment.
1200078,14,9,3,8.00,4292.48,0.05,0.05,N,O,2025-12-25,2025-12-24,2026-01-02,DELIVER IN PERSON,MAIL,Partial release accepted by planning.
1200078,23,9,4,4.00,1560.04,0.01,0.18,R,F,2025-12-26,2025-12-27,2025-12-31,NONE,MAIL,Customer requested labeled pallets.
1200078,6,1,5,8.00,1100.32,0.12,0.09,N,O,2025-12-31,2025-12-30,2026-01-03,TAKE BACK RETURN,AIR,Partial release accepted by planning.
1200079,16,7,1,30.00,17593.50,0.10,0.12,N,O,2026-01-02,2026-01-01,2026-01-09,TAKE BACK RETURN,AIR,Cross-border paperwork pre-cleared.
1200079,38,2,2,2.00,123.48,0.05,0.09,N,O,2026-01-02,2025-12-31,2026-01-08,DELIVER IN PERSON,SHIP,Partial release accepted by planning.
1200079,27,5,3,20.00,10675.40,0.10,0.21,N,O,2026-01-05,2026-01-03,2026-01-12,COLLECT COD,MAIL,Late afternoon dock slot requested.
1200079,10,11,4,10.00,2285.10,0.04,0.21,N,O,2026-01-02,2026-01-03,2026-01-06,TAKE BACK RETURN,SHIP,Partial release accepted by planning.
1200079,12,15,5,6.00,3216.12,0.02,0.12,N,O,2026-01-04,2026-01-04,2026-01-07,NONE,SHIP,Partial release accepted by planning.
1200080,9,3,1,30.00,14011.20,0.03,0.18,N,O,2026-01-04,2026-01-02,2026-01-07,COLLECT COD,TRUCK,"Standard handling, no extra notes."
1200080,1,8,2,2.00,957.52,0.08,0.05,N,O,2026-01-02,2026-01-03,2026-01-05,TAKE BACK RETURN,MAIL,"Standard handling, no extra notes."
1200080,21,1,3,1.00,758.02,0.04,0.21,N,O,2026-01-04,2026-01-03,2026-01-07,COLLECT COD,AIR,Customer requested labeled pallets.
1200080,16,3,4,10.00,5864.50,0.12,0.09,N,O,2025-12-29,2025-12-28,2026-01-06,NONE,SHIP,Late afternoon dock slot requested.
1200080,22,5,5,1.00,187.26,0.06,0.18,N,O,2026-01-04,2026-01-04,2026-01-09,COLLECT COD,AIR,Partial release accepted by planning.
1200081,22,3,1,25.00,4681.50,0.00,0.18,N,F,2025-12-27,2025-12-27,2025-12-30,NONE,SHIP,Customer requested labeled pallets.
1200081,7,14,2,2.00,425.04,0.02,0.18,R,F,2025-12-26,2025-12-25,2025-12-29,COLLECT COD,RAIL,Keep dry during long-haul shipment.
1200081,2,13,3,10.00,3291.10,0.08,0.18,N,O,2025-12-29,2025-12-27,2026-01-04,COLLECT COD,MAIL,Partial release accepted by planning.
1200081,1,2,4,10.00,4787.60,0.08,0.05,N,F,2025-12-27,2025-12-27,2025-12-30,COLLECT COD,SHIP,"Standard handling, no extra notes."
1200081,30,12,5,1.00,93.60,0.00,0.07,N,O,2025-12-30,2025-12-28,2026-01-04,COLLECT COD,MAIL,Keep dry during long-haul shipment.
1200082,5,12,1,40.00,9390.80,0.02,0.12,N,F,2025-12-13,2025-12-11,2025-12-15,DELIVER IN PERSON,AIR,Partial release accepted by planning.
1200082,40,5,2,15.00,13723.95,0.05,0.21,N,F,2025-12-10,2025-12-08,2025-12-12,TAKE BACK RETURN,SHIP,Keep dry during long-haul shipment.
1200082,37,2,3,50.00,13719.50,0.01,0.12,A,F,2025-12-07,2025-12-08,2025-12-13,TAKE BACK RETURN,MAIL,Cross-border paperwork pre-cleared.
1200082,38,3,4,25.00,1543.50,0.06,0.09,N,F,2025-12-08,2025-12-06,2025-12-12,DELIVER IN PERSON,AIR,Late afternoon dock slot requested.
1200082,32,2,5,20.00,14148.60,0.12,0.18,N,F,2025-12-09,2025-12-07,2025-12-15,DELIVER IN PERSON,TRUCK,Keep dry during long-haul shipment.
1200083,17,4,1,25.00,10305.75,0.08,0.09,N,F,2025-12-27,2025-12-26,2025-12-30,NONE,RAIL,Cross-border paperwork pre-cleared.
1200083,38,8,2,2.00,123.48,0.08,0.05,N,O,2025-12-29,2025-12-27,2026-01-06,DELIVER IN PERSON,RAIL,Keep dry during long-haul shipment.
1200083,28,9,3,50.00,44548.00,0.08,0.21,N,O,2026-01-04,2026-01-03,2026-01-11,DELIVER IN PERSON,AIR,Cross-border paperwork pre-cleared.
1200083,15,9,4,4.00,1900.28,0.05,0.05,N,O,2026-01-01,2026-01-01,2026-01-08,DELIVER IN PERSON,RAIL,Late afternoon dock slot requested.
1200083,24,3,5,20.00,7075.00,0.03,0.12,N,O,2026-01-03,2026-01-02,2026-01-06,DELIVER IN PERSON,SHIP,Cross-border paperwork pre-cleared.
1200084,34,5,1,10.00,6167.80,0.00,0.05,N,O,2025-12-29,2025-12-29,2026-01-06,COLLECT COD,MAIL,Customer requested labeled pallets.
1200084,12,15,2,25.00,13400.50,0.02,0.12,N,O,2026-01-03,2026-01-02,2026-01-10,DELIVER IN PERSON,TRUCK,Late afternoon dock slot requested.
1200084,10,8,3,12.00,2742.12,0.06,0.07,N,F,2025-12-27,2025-12-27,2025-12-29,COLLECT COD,TRUCK,"Standard handling, no extra notes."
1200084,6,10,4,2.00,275.08,0.01,0.05,N,O,2025-12-27,2025-12-28,2026-01-03,TAKE BACK RETURN,AIR,Partial release accepted by planning.
1200084,38,3,5,20.00,1234.80,0.04,0.21,N,F,2025-12-26,2025-12-27,2025-12-28,NONE,RAIL,Cross-border paperwork pre-cleared.
1200085,16,7,1,30.00,17593.50,0.12,0.07,N,F,2025-12-18,2025-12-16,2025-12-24,COLLECT COD,MAIL,Cross-border paperwork pre-cleared.
1200085,39,5,2,40.00,32643.60,0.12,0.09,N,F,2025-12-16,2025-12-16,2025-12-21,COLLECT COD,SHIP,Keep dry during long-haul shipment.
1200085,31,8,3,40.00,13882.80,0.10,0.18,N,F,2025-12-24,2025-12-22,2025-12-28,DELIVER IN PERSON,RAIL,Customer requested labeled pallets.
1200085,26,3,4,15.00,7693.20,0.12,0.12,N,F,2025-12-22,2025-12-22,2025-12-27,NONE,TRUCK,Partial release accepted by planning.
1200085,30,15,5,10.00,936.00,0.00,0.12,N,F,2025-12-22,2025-12-22,2025-12-24,NONE,TRUCK,"Standard handling, no extra notes."
1200086,11,9,1,15.00,10906.20,0.05,0.21,N,F,2025-12-25,2025-12-23,2025-12-31,DELIVER IN PERSON,RAIL,Keep dry during long-haul shipment.
1200086,19,12,2,2.00,1264.92,0.06,0.07,N,F,2025-12-25,2025-12-25,2025-12-30,COLLECT COD,TRUCK,Keep dry during long-haul shipment.
1200086,2,13,3,5.00,1645.55,0.01,0.18,A,F,2025-12-25,2025-12-23,2025-12-31,NONE,AIR,Late afternoon dock slot requested.
1200086,13,7,4,1.00,900.29,0.12,0.18,N,O,2025-12-29,2025-12-27,2026-01-01,TAKE BACK RETURN,TRUCK,"Standard handling, no extra notes."
1200086,3,3,5,1.00,78.25,0.10,0.12,N,F,2025-12-24,2025-12-23,2025-12-26,COLLECT COD,TRUCK,Late afternoon dock slot requested.
1200087,35,13,1,25.00,21652.50,0.08,0.09,N,F,2025-12-12,2025-12-10,2025-12-20,DELIVER IN PERSON,AIR,Keep dry during long-haul shipment.
1200087,14,8,2,3.00,1609.68,0.03,0.09,N,F,2025-12-08,2025-12-07,2025-12-13,TAKE BACK RETURN,MAIL,"Standard handling, no extra notes."
1200087,26,6,3,25.00,12822.00,0.03,0.09,N,F,2025-12-08,2025-12-09,2025-12-16,COLLECT COD,MAIL,"Standard handling, no extra notes."
1200087,15,1,4,5.00,2375.35,0.06,0.09,A,F,2025-12-06,2025-12-06,2025-12-09,NONE,RAIL,Cross-border paperwork pre-cleared.
1200087,37,5,5,50.00,13719.50,0.02,0.12,N,F,2025-12-07,2025-12-08,2025-12-14,DELIVER IN PERSON,RAIL,Partial release accepted by planning.
1200088,1,5,1,10.00,4787.60,0.05,0.09,N,F,2025-12-21,2025-12-21,2025-12-29,NONE,SHIP,"Standard handling, no extra notes."
1200088,16,3,2,30.00,17593.50,0.06,0.12,A,F,2025-12-22,2025-12-22,2025-12-28,TAKE BACK RETURN,AIR,Customer requested labeled pallets.
1200088,25,1,3,3.00,686.43,0.05,0.05,N,O,2025-12-26,2025-12-26,2026-01-03,NONE,RAIL,Keep dry during long-haul shipment.
1200088,20,7,4,8.00,5403.20,0.04,0.07,N,O,2025-12-28,2025-12-26,2026-01-05,COLLECT COD,AIR,Keep dry during long-haul shipment.
1200088,30,5,5,50.00,4680.00,0.00,0.21,N,F,2025-12-27,2025-12-27,2025-12-31,NONE,MAIL,Keep dry during long-haul shipment.
1200089,37,2,1,30.00,8231.70,0.02,0.07,N,O,2025-12-31,2026-01-01,2026-01-06,COLLECT COD,RAIL,Keep dry during long-haul shipment.
1200089,38,8,2,5.00,308.70,0.02,0.21,N,O,2025-12-28,2025-12-26,2026-01-02,TAKE BACK RETURN,MAIL,Cross-border paperwork pre-cleared.
1200089,4,1,3,4.00,1244.84,0.06,0.18,N,O,2025-12-28,2025-12-29,2026-01-01,TAKE BACK RETURN,RAIL,Partial release accepted by planning.
1200089,10,6,4,10.00,2285.10,0.03,0.21,N,O,2025-12-29,2025-12-29,2026-01-04,DELIVER IN PERSON,MAIL,Late afternoon dock slot requested.
1200089,25,1,5,10.00,2288.10,0.08,0.07,N,F,2025-12-25,2025-12-26,2025-12-31,NONE,AIR,"Standard handling, no extra notes."
1200090,26,3,1,6.00,3077.28,0.10,0.07,N,O,2025-12-26,2025-12-26,2026-01-03,TAKE BACK RETURN,AIR,Keep dry during long-haul shipment.
1200090,2,13,2,5.00,1645.55,0.04,0.18,N,F,2025-12-24,2025-12-25,2025-12-26,NONE,RAIL,Cross-border paperwork pre-cleared.
1200090,5,12,3,25.00,5869.25,0.06,0.21,N,O,2025-12-31,2025-12-30,2026-01-02,COLLECT COD,TRUCK,"Standard handling, no extra notes."
1200090,9,3,4,40.00,18681.60,0.05,0.07,N,O,2026-01-02,2026-01-02,2026-01-04,DELIVER IN PERSON,RAIL,Keep dry during long-haul shipment.
1200090,30,12,5,8.00,748.80,0.01,0.18,N,O,2025-12-25,2025-12-26,2026-01-01,COLLECT COD,TRUCK,"Standard handling, no extra notes."
1200091,37,10,1,15.00,4115.85,0.03,0.18,N,F,2025-12-08,2025-12-09,2025-12-11,COLLECT COD,TRUCK,Partial release accepted by planning.
1200091,5,6,2,3.00,704.31,0.12,0.05,N,F,2025-12-15,2025-12-16,2025-12-21,NONE,TRUCK,Keep dry during long-haul shipment.
1200091,4,4,3,20.00,6224.20,0.03,0.18,N,F,2025-12-09,2025-12-09,2025-12-14,TAKE BACK RETURN,MAIL,Late afternoon dock slot requested.
1200091,31,8,4,20.00,6941.40,0.08,0.09,N,F,2025-12-14,2025-12-14,2025-12-16,NONE,SHIP,Cross-border paperwork pre-cleared.
1200091,19,12,5,4.00,2529.84,0.08,0.12,N,F,2025-12-11,2025-12-11,2025-12-18,DELIVER IN PERSON,TRUCK,Partial release accepted by planning.
1200092,17,4,1,5.00,2061.15,0.10,0.09,N,F,2025-12-21,2025-12-19,2025-12-23,NONE,MAIL,Partial release accepted by planning.
1200092,3,3,2,3.00,234.75,0.08,0.07,N,F,2025-12-25,2025-12-25,2025-12-28,TAKE BACK RETURN,SHIP,Customer requested labeled pallets.
1200092,40,8,3,2.00,1829.86,0.08,0.21,N,F,2025-12-23,2025-12-24,2025-12-26,NONE,RAIL,"Standard handling, no extra notes."
1200092,29,7,4,5.00,1959.95,0.02,0.07,N,F,2025-12-24,2025-12-23,2025-12-30,COLLECT COD,RAIL,Late afternoon dock slot requested.
1200092,9,3,5,4.00,1868.16,0.08,0.21,N,O,2025-12-25,2025-12-24,2026-01-01,COLLECT COD,SHIP,"Standard handling, no extra notes."
1200093,33,10,1,50.00,37822.00,0.03,0.09,N,F,2025-12-22,2025-12-20,2025-12-29,COLLECT COD,TRUCK,"Standard handling, no extra notes."
1200093,40,8,2,3.00,2744.79,0.04,0.07,N,O,2025-12-24,2025-12-25,2026-01-01,COLLECT COD,TRUCK,Cross-border paperwork pre-cleared.
1200093,10,11,3,1.00,228.51,0.12,0.09,N,F,2025-12-26,2025-12-25,2025-12-29,DELIVER IN PERSON,MAIL,Late afternoon dock slot requested.
1200093,38,2,4,5.00,308.70,0.10,0.12,N,F,2025-12-20,2025-12-21,2025-12-27,COLLECT COD,RAIL,Customer requested labeled pallets.
1200093,30,15,5,30.00,2808.00,0.02,0.05,N,F,2025-12-18,2025-12-17,2025-12-25,NONE,AIR,Customer requested labeled pallets.
1200094,8,7,1,2.00,1835.60,0.00,0.18,A,F,2025-12-22,2025-12-20,2025-12-26,COLLECT COD,RAIL,"Standard handling, no extra notes."
1200094,27,5,2,40.00,21350.80,0.00,0.07,N,F,2025-12-20,2025-12-19,2025-12-23,NONE,MAIL,Partial release accepted by planning.
1200094,3,3,3,25.00,1956.25,0.04,0.12,N,O,2025-12-26,2025-12-25,2026-01-03,DELIVER IN PERSON,RAIL,Keep dry during long-haul shipment.
1200094,35,14,4,4.00,3464.40,0.10,0.12,N,F,2025-12-20,2025-12-20,2025-12-23,COLLECT COD,RAIL,"Standard handling, no extra notes."
1200094,21,14,5,20.00,15160.40,0.12,0.05,N,F,2025-12-22,2025-12-20,2025-12-24,DELIVER IN PERSON,SHIP,Cross-border paperwork pre-cleared.
1200095,8,3,1,15.00,13767.00,0.08,0.09,N,O,2025-12-24,2025-12-22,2026-01-01,COLLECT COD,AIR,Customer requested labeled pallets.
1200095,11,15,2,1.00,727.08,0.10,0.07,R,F,2025-12-25,2025-12-24,2025-12-29,NONE,MAIL,Cross-border paperwork pre-cleared.
1200095,3,14,3,2.00,156.50,0.04,0.07,N,F,2025-12-19,2025-12-19,2025-12-23,TAKE BACK RETURN,TRUCK,Keep dry during long-haul shipment.
1200095,12,15,4,30.00,16080.60,0.12,0.12,R,F,2025-12-26,2025-12-27,2025-12-29,DELIVER IN PERSON,TRUCK,Cross-border paperwork pre-cleared.
1200095,29,15,5,25.00,9799.75,0.03,0.09,R,F,2025-12-19,2025-12-19,2025-12-26,TAKE BACK RETURN,SHIP,Customer requested labeled pallets.
1200096,35,4,1,3.00,2598.30,0.10,0.07,N,O,2026-01-01,2026-01-01,2026-01-09,NONE,MAIL,Keep dry during long-haul shipment.
1200096,9,8,2,25.00,11676.00,0.02,0.18,N,O,2026-01-04,2026-01-03,2026-01-07,NONE,AIR,Customer requested labeled pallets.
1200096,16,4,3,40.00,23458.00,0.08,0.07,N,O,2025-12-30,2025-12-28,2026-01-05,TAKE BACK RETURN,TRUCK,"Standard handling, no extra notes."
1200096,5,3,4,1.00,234.77,0.04,0.12,R,F,2025-12-28,2025-12-29,2025-12-31,DELIVER IN PERSON,AIR,Partial release accepted by planning.
1200096,24,4,5,3.00,1061.25,0.08,0.21,N,O,2026-01-02,2026-01-03,2026-01-06,NONE,MAIL,Keep dry during long-haul shipment.
1200097,5,6,1,30.00,7043.10,0.06,0.07,N,F,2025-12-21,2025-12-22,2025-12-25,COLLECT COD,RAIL,Late afternoon dock slot requested.
1200097,9,9,2,3.00,1401.12,0.10,0.21,A,F,2025-12-21,2025-12-22,2025-12-28,TAKE BACK RETURN,RAIL,Keep dry during long-haul shipment.
1200097,8,3,3,2.00,1835.60,0.01,0.21,N,F,2025-12-21,2025-12-20,2025-12-27,COLLECT COD,TRUCK,Keep dry during long-haul shipment.
1200097,28,14,4,15.00,13364.40,0.06,0.12,A,F,2025-12-18,2025-12-17,2025-12-21,TAKE BACK RETURN,AIR,Customer requested labeled pallets.
1200097,7,15,5,10.00,2125.20,0.03,0.18,A,F,2025-12-16,2025-12-17,2025-12-23,COLLECT COD,MAIL,Customer requested labeled pallets.
1200098,18,6,1,15.00,11643.75,0.04,0.21,N,F,2025-12-15,2025-12-16,2025-12-22,TAKE BACK RETURN,SHIP,"Standard handling, no extra notes."
1200098,17,5,2,30.00,12366.90,0.10,0.05,R,F,2025-12-19,2025-12-17,2025-12-26,COLLECT COD,RAIL,Cross-border paperwork pre-cleared.
1200098,3,3,3,6.00,469.50,0.12,0.21,N,F,2025-12-19,2025-12-18,2025-12-22,NONE,MAIL,Keep dry during long-haul shipment.
1200098,36,3,4,2.00,55.06,0.00,0.07,N,F,2025-12-11,2025-12-11,2025-12-16,COLLECT COD,SHIP,Cross-border paperwork pre-cleared.
1200098,7,15,5,8.00,1700.16,0.12,0.12,N,F,2025-12-15,2025-12-14,2025-12-17,COLLECT COD,MAIL,Late afternoon dock slot requested.
1200099,28,9,1,1.00,890.96,0.10,0.12,N,F,2025-12-25,2025-12-24,2025-12-27,TAKE BACK RETURN,RAIL,Customer requested labeled pallets.
1200099,34,14,2,3.00,1850.34,0.06,0.07,N,O,2025-12-31,2025-12-31,2026-01-03,NONE,MAIL,Customer requested labeled pallets.
1200099,25,1,3,30.00,6864.30,0.02,0.12,N,O,2025-12-29,2025-12-27,2026-01-01,TAKE BACK RETURN,AIR,Partial release accepted by planning.
1200099,8,7,4,4.00,3671.20,0.05,0.05,N,O,2026-01-01,2025-12-30,2026-01-04,DELIVER IN PERSON,TRUCK,Cross-border paperwork pre-cleared.
1200099,38,8,5,2.00,123.48,0.01,0.21,N,O,2025-12-29,2025-12-29,2026-01-06,COLLECT COD,RAIL,Customer requested labeled pallets.
1200100,30,15,1,30.00,2808.00,0.01,0.05,N,F,2025-12-03,2025-12-04,2025-12-10,COLLECT COD,TRUCK,Cross-border paperwork pre-cleared.
1200100,14,10,2,3.00,1609.68,0.10,0.12,N,F,2025-12-10,2025-12-11,2025-12-17,COLLECT COD,TRUCK,Cross-border paperwork pre-cleared.
1200100,15,1,3,8.00,3800.56,0.00,0.07,N,F,2025-12-09,2025-12-10,2025-12-11,NONE,RAIL,Customer requested labeled pallets.
1200100,11,9,4,50.00,36354.00,0.02,0.07,N,F,2025-12-11,2025-12-09,2025-12-16,DELIVER IN PERSON,AIR,Late afternoon dock slot requested.
1200100,33,3,5,30.00,22693.20,0.12,0.21,N,F,2025-12-12,2025-12-11,2025-12-19,COLLECT COD,SHIP,Cross-border paperwork pre-cleared.
